SKU,PRODUCTO,VALOR,SKU_STR
8000010000000,Alfombra Frise 1.6k Venecia 133x180 cm Puntitos,14.899,8000010000000
8000010000000,Alfombra Frise 1.6k Venecia 150x200 cm Espiga,18.361,8000010000000
8000010000000,Alfombra Frise 1.6k Venecia 50x90 cm Ravena,2.811,8000010000000
8000010000000,Alfombra Frise Boutique 133x190 cm Destello,21.261,8000010000000
8000010000000,Alfombra Frise Boutique 160x230 cm Aurora,28.571,8000010000000
8000010000000,Alfombra Frise Boutique 160x230 cm Chennai,28.571,8000010000000
8000010000000,Alfombra Frise Boutique 160x230 cm Destello,30.882,8000010000000
8000010000000,Alfombra Frise Boutique 160x230 cm Rejas,28.571,8000010000000
8000010000000,Alfombra Frise Boutique 160x230 cm Yoyo,28.571,8000010000000
8000010000000,Alfombra Frise Boutique 200x290 cm Aleli,42.941,8000010000000
8000010000000,Alfombra Frise Boutique 200x290 cm Aurora,42.941,8000010000000
8000010000000,Alfombra Frise Boutique 200x290 cm Baniano,42.941,8000010000000
8000010000000,Alfombra Frise Boutique 200x290 cm Bombay,42.941,8000010000000
8000010000000,Alfombra Frise Boutique 200x290 cm Chennai,42.941,8000010000000
8000010000000,Alfombra Frise Boutique 200x290 cm Delhi,42.941,8000010000000
8000010000000,Alfombra Frise Boutique 200x290 cm Destello,42.941,8000010000000
8000010000000,Alfombra Frise Boutique 200x290 cm Guirnalda,42.941,8000010000000
8000010000000,Alfombra Frise Boutique 200x290 cm Patna,42.941,8000010000000
8000010000000,Alfombra Frise Boutique 200x290 cm Pune,42.941,8000010000000
8000010000000,Alfombra Frise Boutique 200x290 cm Yoyo,42.941,8000010000000
8000010000000,Alfombra Frise Genova 133x190 cm Esmeralda,18.824,8000010000000
8000010000000,Alfombra Frise Genova 50x100 cm Lo Espejo,5.181,8000010000000
800001000000,Alfombra Frise Manhattan 3D 200x300 cm Alameda,52.101,800001000000
800001000000,Alfombra Frise Manhattan 3D 200x300 cm Dumont,52.101,800001000000
8000010000000,Alfombra Frisee Magritt 150x200 Herbal Brown,13.950,8000010000000
8000010000000,Alfombra Poliéster Eclipse 133x190 cm Nazeri,17.479,8000010000000
800001000000,Alfombra Poliéster Eclipse 200x290 cm Nazeri,40.042,800001000000
8000010000000,Alfombra Poliéster Yagan 133x180 cm Rojo,24.202,8000010000000
800001000000,Alfombra Poliéster Yagan 150x220 cm Beige,33.319,800001000000
800001000000,Alfombra Poliéster Yagan 150x220 cm Chocolate,33.319,800001000000
800001000000,Alfombra Poly Soft 60x100 Mondrian,5.798,800001000000
8000010000000,Alfombra Shaggy 1.8k Studio 150x200 Circles Burdeo,20.126,8000010000000
8000010000000,Alfombra Shaggy 1.8k Studio 150x200 cm Amanecer,15.008,8000010000000
8000010000000,Alfombra Shaggy 1.8k Studio 150x200 cm Ceuta,15.008,8000010000000
800001000000,Alfombra Shaggy 1.8k Studio 150x200 cm Circulos Verdes,15.008,800001000000
8000010000000,Alfombra Shaggy 1.8k Studio 150x200 cm Lagos,15.008,8000010000000
8000010000000,Alfombra Shaggy 1.8k Studio 150x200 cm Luanda,15.008,8000010000000
8000010000000,Alfombra Shaggy 1.8k Studio 150x200 cm Meriadiano,15.008,8000010000000
800001000000,Alfombra Shaggy 1.8k Studio 150x200 cm Orbita,15.008,800001000000
8000010000000,Alfombra Shaggy 1.8k Studio 150x200 cm Panal,15.008,8000010000000
8000010000000,Alfombra Shaggy 1.8k Studio 150x200 cm Puzzle,15.008,8000010000000
8000010000000,Alfombra Shaggy 1.8k Studio 150x200 cm Trama,15.008,8000010000000
8000010000000,Alfombra Shaggy 1.8k Studio 150x200 cm Tripoli,15.008,8000010000000
800001000000,Alfombra Shaggy 1.8k Studio 150x200 Grids Negro,20.126,800001000000
800001000000,Alfombra Shaggy 1.8k Studio 150x200 Organic,20.126,800001000000
8000010000000,Alfombra Shaggy 1.8k Studio 150x200 Simetry Red,20.126,8000010000000
800001000000,Alfombra Shaggy Roma 150x220 cm Circulos Rojo,20.126,800001000000
800001000000,Alfombra Shaggy Roma 150x220 cm Fall Verde,20.126,800001000000
800001000000,Alfombra Shaggy Roma 200x285 cm Circulos Rojo,20.126,800001000000
800001000000,Alfombra Shaggy Style 2 160x230 cm Verde,34.286,800001000000
800001000000,Almohada 144 Hilos 50x70 Blanca,2.185,800001000000
8000010000000,Cortina Blackout Argolla 140X220 Selecta Indigo,8.992,8000010000000
8000010000000,Cortina Jacquard Argolla 140x220 Mandala Texturada Beige,11.790,8000010000000
8000010000000,Cortina Velo Lino Argolla Blanca,7.353,8000010000000
800001000000,Cubre colchón 1 Plazas Ajustable Blanco,4.286,800001000000
800001000000,Cubre colchón 1.5 Plazas Ajustable Blanco,4.958,800001000000
800001000000,Frazada Termica Noruega 1.5 Plazas Azul,6.395,800001000000
800001000000,Frazada Termica Noruega 1.5 Plazas Beige,6.395,800001000000
800001000000,Frazada Termica Noruega 1.5 Plazas Celeste,6.395,800001000000
800001000000,Frazada Termica Noruega 2 Plazas Azul,8.067,800001000000
800001000000,Frazada Termica Noruega 2 Plazas Beige,8.067,800001000000
800001000000,Frazada Termica Noruega 2 Plazas Celeste,8.067,800001000000
8000010000000,Manta Flannel Embossed Azul,5.462,8000010000000
8000010000000,Manta Flannel Embossed Beige,5.462,8000010000000
8000010000000,Manta Flannel Embossed Verde,5.462,8000010000000
8000010000000,Manta Flannel Embossed Burdeo,5.462,8000010000000
8000010000000,Manta Flannel Embossed Gris,5.462,8000010000000
8000010000000,Manta Flannel Embossed Celeste,5.462,8000010000000
8000010000000,Plumón 1.5 Plazas Mendoza Taupe,14.269,8000010000000
8000010000000,Plumón 1.5 Plazas Mendoza Ice,14.269,8000010000000
8000010000000,Plumón 1.5 Plazas Mendoza Rosado,14.269,8000010000000
8000010000000,Plumón 1.5 Plazas Microfibra Estampado Lineal,14.269,8000010000000
8000010000000,Plumón 1.5 Plazas Microfibra Estampado Zigzag,14.269,8000010000000
800001000000,Plumón 1.5 Plazas Microfibra Estampado Hojas,14.269,800001000000
8000010000000,Plumón 1.5 Plazas Microfibra Estampado Rombos,14.269,8000010000000
8000010000000,Plumón 1.5 Plazas Microfibra Estampado Oval,14.269,8000010000000
8000010000000,Plumón 1.5 Plazas Microfibra Estampado Lirada,14.269,8000010000000
8000010000000,Plumón 2 Plazas Mendoza Ice,16.710,8000010000000
8000010000000,Plumón 2 Plazas Mendoza Taupe,16.710,8000010000000
8000010000000,Plumón 2 Plazas Mendoza Rosado,16.710,8000010000000
8000010000000,Plumón 2 Plazas Microfibra Estampado Zigzag,16.710,8000010000000
8000010000000,Plumón 2 Plazas Microfibra Estampado Lineal,16.710,8000010000000
8000010000000,Plumón 2 Plazas Microfibra Estampado Rombos,17.227,8000010000000
8000010000000,Plumón 2 Plazas Microfibra Estampado Hojas,17.227,8000010000000
800001000000,Plumón 2 Plazas Microfibra Estampado Oval,17.227,800001000000
8000010000000,Plumón 2 Plazas Microfibra Estampado Lirada,17.227,8000010000000
8000010000000,Plumón Coral Sherpa 1.5 Plazas Rosa Palo,18.403,8000010000000
8000010000000,Plumón Coral Sherpa 1.5 Plazas Azul,18.403,8000010000000
8000010000000,Plumón Coral Sherpa 1.5 Plazas Beige,18.403,8000010000000
8000010000000,Plumón Coral Sherpa 1.5 Plazas Calipso,18.403,8000010000000
8000010000000,Plumón Coral Sherpa 1.5 Plazas Burdeo,18.403,8000010000000
8000010000000,Plumón Coral Sherpa 1.5 Plazas Gris,18.403,8000010000000
8000010000000,Plumón Coral Sherpa 2 Plazas Azul,23.109,8000010000000
8000010000000,Plumón Coral Sherpa 2 Plazas Rosa Palo,23.109,8000010000000
8000010000000,Plumón Coral Sherpa 2 Plazas Beige,23.109,8000010000000
8000010000000,Plumón Coral Sherpa 2 Plazas Calipso,23.109,8000010000000
8000010000000,Plumón Coral Sherpa 2 Plazas Burdeo,23.109,8000010000000
8000010000000,Plumón Coral Sherpa 2 Plazas Gris,23.109,8000010000000
8000010000000,Plumón Coral Sherpa King Burdeo,24.916,8000010000000
8000010000000,Plumón Coral Sherpa King Gris,24.916,8000010000000
8000010000000,Plumón Coral Sherpa King Azul,24.916,8000010000000
8000010000000,Plumón Coral Sherpa King Beige,24.916,8000010000000
8000010000000,Plumón Coral Sherpa King Rosa Palo,24.916,8000010000000
8000010000000,Plumón King Mendoza Rosado,19.244,8000010000000
8000010000000,Plumón King Mendoza Ice,19.244,8000010000000
8000010000000,Plumón King Microfibra Estampado Lineal,19.244,8000010000000
8000010000000,Plumón King Microfibra Estampado Zigzag,19.244,8000010000000
8000010000000,Plumón Sherpa/Sherpa 1.5 Plazas Coral-Gris,18.471,8000010000000
8000010000000,Plumón Sherpa/Sherpa 1.5 Plazas Petroleo-Mostaza,18.471,8000010000000
8000010000000,Plumón Sherpa/Sherpa 1.5 Plazas Negro-Gris,18.471,8000010000000
8000010000000,Plumón Coral Sherpa 2 Plazas Print Baysan,18.471,8000010000000
8000010000000,Plumón Sherpa/Sherpa 2 Plazas Negro-gris,21.555,8000010000000
8000010000000,Plumón Sherpa/Sherpa 2 Plazas Petroleo-Mostaza,21.555,8000010000000
8000010000000,Plumón Sherpa/Sherpa 2 Plazas Coral-Rosa,21.555,8000010000000
8000010000000,Plumón Sherpa/Sherpa King Petroleo-Mostaza,23.319,8000010000000
8000010000000,Plumón Sherpa/Sherpa King Negro-Gris,23.319,8000010000000
8000010000000,Plumón Sherpa/Sherpa King Coral-Rosa,23.319,8000010000000
8000010000000,Quilt 1.5 Plazas Bicolor Liso Celeste/Azul,7.983,8000010000000
8000010000000,Quilt 1.5 Plazas Bicolor Liso Amarillo/Turquesa,7.983,8000010000000
8000010000000,Quilt 1.5 Plazas Bicolor Liso Arena/Marengo,7.983,8000010000000
8000010000000,Quilt 1.5 Plazas Bicolor Liso Gris/Coral,7.983,8000010000000
800001000000,Quilt 1.5 Plazas Bicolor Liso Negro/Mostaza,7.983,800001000000
8000010000000,Quilt 1.5 Plazas Bicolor Liso Gris/Rosado,7.983,8000010000000
8000010000000,Quilt 1.5 Plazas Cordoba Estampado Safari,7.983,8000010000000
8000010000000,Quilt 1.5 Plazas Cordoba Estampado Faces,7.983,8000010000000
8000010000000,Quilt 1.5 Plazas Cordoba Estampado Goose,4.370,8000010000000
8000010000000,Quilt 1.5 Plazas Cordoba Estampado Kailua,4.370,8000010000000
8000010000000,Quilt 1.5 Plazas Cordoba Estampado Mosa,4.370,8000010000000
8000010000000,Quilt 1.5 Plazas Cordoba Estampado Murray,4.370,8000010000000
8000010000000,Quilt 1.5 Plazas Cordoba Estampado Namoi,4.370,8000010000000
8000010000000,Quilt 1.5 Plazas Cordoba Liso Gris,7.227,8000010000000
8000010000000,Quilt 1.5 Plazas Cordoba Liso Celeste,7.227,8000010000000
8000010000000,Quilt 1.5 Plazas Cordoba Liso Lila,7.227,8000010000000
8000010000000,Quilt 1.5 Plazas Cordoba Liso Mostaza,7.227,8000010000000
8000010000000,Quilt 1.5 Plazas Cordoba Liso Rosado,7.227,8000010000000
8000010000000,Quilt 1.5 Plazas Cordoba Liso Turquesa,7.227,8000010000000
8000010000000,Quilt 1.5 Plazas Cordoba Liso Fucsia,7.227,8000010000000
8000010000000,Quilt 1.5 Plazas Cosido Angel,7.227,8000010000000
8000010000000,Quilt 1.5 Plazas Cosido Arrow,7.227,8000010000000
8000010000000,Quilt 1.5 Plazas Cosido Clouds,11.756,8000010000000
8000010000000,Quilt 1.5 Plazas Cosido Clouds Estampado Rodrigo,8.044,8000010000000
8000010000000,Quilt 1.5 Plazas Cosido Patchwork Aries,11.756,8000010000000
8000010000000,Quilt 1.5 Plazas Cosido Patchwork Geminis,11.756,8000010000000
8000010000000,Quilt 1.5 Plazas Cosido Patchwork Leo,11.756,8000010000000
8000010000000,Quilt 1.5 Plazas Cosido Patchwork Piscis,11.756,8000010000000
8000010000000,Quilt 1.5 Plazas Cosido Patchwork Virgo,11.756,8000010000000
8000010000000,Quilt 1.5 Plazas Cosido Trapecio,7.227,8000010000000
8000010000000,Quilt 1.5 Plazas Madrid Arena,3.588,8000010000000
8000010000000,Quilt 1.5 Plazas Microfibra Estampado Circle,5.529,8000010000000
8000010000000,Quilt 1.5 Plazas Microfibra Estampado Indo,5.529,8000010000000
8000010000000,Quilt 1.5 Plazas Microfibra Estampado Loa,5.529,8000010000000
8000010000000,Quilt 1.5 Plazas Microfibra Estampado Rodano,5.529,8000010000000
8000010000000,Quilt 1.5 Plazas Microfibra Estampado Solei,5.529,8000010000000
8000010000000,Quilt 1.5 Plazas Microfibra Gris-Amarillo,5.168,8000010000000
8000010000000,Quilt 1.5 Plazas Microfibra Terracota-Coral,5.147,8000010000000
8000010000000,Quilt 1.5 Plazas Portugal Estampado Gardenia,8.008,8000010000000
8000010000000,Quilt 1.5 Plazas Portugal Estampado Ginger,8.008,8000010000000
8000010000000,Quilt 1.5 Plazas Portugal Estampado Lilium,8.008,8000010000000
8000010000000,Quilt 2 Plazas Bicolor Liso Arena/Marengo,8.067,8000010000000
8000010000000,Quilt 2 Plazas Bicolor Liso Amarillo/Turquesa,8.067,8000010000000
8000010000000,Quilt 2 Plazas Bicolor Liso Celeste/Azul,8.067,8000010000000
8000010000000,Quilt 2 Plazas Bicolor Liso Gris/Coral,8.067,8000010000000
800001000000,Quilt 2 Plazas Bicolor Liso Negro/Mostaza,8.067,800001000000
8000010000000,Quilt 2 Plazas Bicolor Liso Gris/Rosado,8.067,8000010000000
8000010000000,Quilt 2 Plazas Cordoba Estampado Safari,8.067,8000010000000
8000010000000,Quilt 2 Plazas Cordoba Estampado Faces,8.067,8000010000000
8000010000000,Quilt 2 Plazas Cordoba Estampado Kailua,5.353,8000010000000
8000010000000,Quilt 2 Plazas Cordoba Estampado Mosa,5.353,8000010000000
8000010000000,Quilt 2 Plazas Cordoba Estampado Murray,5.353,8000010000000
8000010000000,Quilt 2 Plazas Cordoba Estampado Namoi,5.353,8000010000000
8000010000000,Quilt 2 Plazas Cordoba Liso Celeste,8.067,8000010000000
8000010000000,Quilt 2 Plazas Cordoba Liso Gris,8.067,8000010000000
8000010000000,Quilt 2 Plazas Cordoba Liso Lila,8.067,8000010000000
8000010000000,Quilt 2 Plazas Cordoba Liso Mostaza,8.067,8000010000000
8000010000000,Quilt 2 Plazas Cordoba Liso Rosado,8.067,8000010000000
8000010000000,Quilt 2 Plazas Cordoba Liso Turquesa,8.067,8000010000000
8000010000000,Quilt 2 Plazas Cordoba Liso Azul,8.067,8000010000000
8000010000000,Quilt 2 Plazas Cordoba Liso Coral,8.067,8000010000000
8000010000000,Quilt 2 Plazas Cosido Angel,14.521,8000010000000
8000010000000,Quilt 2 Plazas Cosido Arrow,14.521,8000010000000
8000010000000,Quilt 2 Plazas Cosido Clouds,14.521,8000010000000
8000010000000,Quilt 2 Plazas Cosido Patchwork Aries,14.521,8000010000000
8000010000000,Quilt 2 Plazas Cosido Patchwork Geminis,14.521,8000010000000
800001000000,Quilt 2 Plazas Cosido Patchwork Leo,14.521,800001000000
8000010000000,Quilt 2 Plazas Cosido Patchwork Piscis,9.118,8000010000000
8000010000000,Quilt 2 Plazas Cosido Patchwork Virgo,14.529,8000010000000
8000010000000,Quilt 2 Plazas Microfibra Estampado Circle,6.983,8000010000000
8000010000000,Quilt 2 Plazas Microfibra Estampado Indo,6.983,8000010000000
800001000000,Quilt 2 Plazas Microfibra Estampado Loa,6.983,800001000000
8000010000000,Quilt 2 Plazas Microfibra Estampado Rodano,6.983,8000010000000
800001000000,Quilt 2 Plazas Microfibra Estampado Solei,6.983,800001000000
8000010000000,Quilt 2 Plazas Microfibra Gris-Amarillo,6.479,8000010000000
8000010000000,Quilt 2 Plazas Microfibra Terracota-Coral,6.479,8000010000000
8000010000000,Quilt 2 Plazas Portugal Estampado Ginger,8.672,8000010000000
8000010000000,Quilt 2 Plazas Portugal Estampado Lilium,8.672,8000010000000
8000010000000,Quilt King Plazas Bicolor Liso Amarillo/Turquesa,11.092,8000010000000
8000010000000,Quilt King Plazas Bicolor Liso Arena/Marengo,11.092,8000010000000
8000010000000,Quilt King Plazas Bicolor Liso Celeste/Azul,11.092,8000010000000
8000010000000,Quilt King Plazas Bicolor Liso Gris/Coral,11.092,8000010000000
800001000000,Quilt King Plazas Bicolor Liso Negro/Mostaza,11.092,800001000000
8000010000000,Quilt King Plazas Bicolor Liso Gris/Rosado,11.092,8000010000000
8000010000000,Quilt King Plazas Cosido Angel,16.655,8000010000000
8000010000000,Quilt King Plazas Cosido Patchwork Geminis,16.655,8000010000000
800001000000,Quilt King Plazas Cosido Patchwork Virgo,16.655,800001000000
8000010000000,Quilt King Plazas Microfibra Estampado Circle,7.941,8000010000000
8000010000000,Quilt King Plazas Microfibra Estampado Loa,7.941,8000010000000
8000010000000,Quilt King Plazas Microfibra Estampado Rodano,7.941,8000010000000
0,Quilt King Plazas Microfibra Estampado Solei,7.941,0
800001000000,Quilt King Plazas Microfibra Gris-Amarillo,7.462,800001000000
800001000000,Quilt King Plazas Microfibra Terracota-Coral,7.462,800001000000
8000010000000,Quilt Microfibra Estampado 1.5 Plazas Barraquitas,6.975,8000010000000
8000010000000,Quilt Microfibra Estampado 1.5 Plazas Luquillo,6.975,8000010000000
8000010000000,Quilt Microfibra Estampado 1.5 Plazas Cayey,6.975,8000010000000
8000010000000,Quilt Microfibra Estampado 1.5 Plazas Hatillo,6.975,8000010000000
8000010000000,Quilt Microfibra Estampado 1.5 Plazas Aguada,6.975,8000010000000
800001000000,Quilt Microfibra Estampado 2 Plazas Luquillo,7.815,800001000000
8000010000000,Quilt Microfibra Estampado 2 Plazas Barraquitas,7.815,8000010000000
8000010000000,Quilt Microfibra Estampado 2 Plazas Cayey,7.815,8000010000000
8000010000000,Quilt Microfibra Estampado 2 Plazas Hatillo,7.815,8000010000000
8000010000000,Quilt Microfibra Estampado 2 Plazas Aguada,7.815,8000010000000
8000010000000,Quilt Microfibra Estampado King Cayey,10.000,8000010000000
8000010000000,Quilt Microfibra Estampado King Barraquitas,10.000,8000010000000
8000010000000,Quilt Microfibra Estampado King Luquillo,10.000,8000010000000
8000010000000,Quilt Microfibra Estampado King Hatillo,10.000,8000010000000
8000010000000,Quilt Microfibra Estampado King Aguada,10.000,8000010000000
8000010000000,Quilt Sherpa 1.5 Plazas Liso Azul,13.200,8000010000000
8000010000000,Quilt Sherpa 1.5 Plazas Liso Beige,13.200,8000010000000
8000010000000,Quilt Sherpa 1.5 Plazas Liso Burdeo,13.200,8000010000000
8000010000000,Quilt Sherpa 1.5 Plazas Liso Gris,13.200,8000010000000
8000010000000,Quilt Sherpa 1.5 Plazas Liso Naranjo,13.200,8000010000000
8000010000000,Quilt Sherpa 1.5 Plazas Liso Verde,13.200,8000010000000
8000010000000,Quilt Sherpa 2 Plazas Liso Azul,15.100,8000010000000
8000010000000,Quilt Sherpa 2 Plazas Liso Beige,15.100,8000010000000
800001000000,Quilt Sherpa 2 Plazas Liso Burdeo,15.100,800001000000
8000010000000,Quilt Sherpa 2 Plazas Liso gris,15.100,8000010000000
8000010000000,Quilt Sherpa 2 Plazas Liso Naranjo,15.100,8000010000000
8000010000000,Quilt Sherpa 2 Plazas Liso Verde,15.100,8000010000000
8000010000000,Quilt Sherpa King Liso Azul,16.900,8000010000000
8000010000000,Quilt Sherpa King Liso Beige,16.900,8000010000000
8000010000000,Quilt Sherpa King Liso Burdeo,16.900,8000010000000
8000010000000,Quilt Sherpa King Liso Gris,16.900,8000010000000
800001000000,Quilt Sherpa King Liso Naranjo,16.900,800001000000
8000010000000,Quilt Sherpa King Liso Verde,16.900,8000010000000
800001000000,Set 2 Almohadas Microfibra Rectas 50x70 cm Blanca,1.597,800001000000
8000010000000,Set 2 Toallas Ares 460 grs Arena,6.111,8000010000000
800001000000,Set 2 Toallas Ares 460 grs Azul,6.111,800001000000
8000010000000,Set 2 Toallas Ares 460 grs Blanco,6.111,8000010000000
8000010000000,Set 2 Toallas Ares 460 grs Coral,6.111,8000010000000
8000010000000,Set 2 Toallas Ares 460 grs Gris,6.111,8000010000000
8000010000000,Set 2 Toallas Ares 460 grs Lila,6.111,8000010000000
8000010000000,Set 2 Toallas Ares 460 grs Marengo,6.111,8000010000000
8000010000000,Set 2 Toallas Ares 460 grs Rosa,6.111,8000010000000
8000010000000,Set 2 Toallas Ares 460 grs Turquesa,6.111,8000010000000
8000010000000,Set 2 Toallas Egyptia 460 grs Coral,6.111,8000010000000
8000010000000,Set 2 Toallas Egyptia 460 grs Blanco,6.111,8000010000000
8000010000000,Set 2 Toallas Egyptia 460 grs Turquesa,6.111,8000010000000
8000010000000,Set 2 Toallas Egyptia 460 grs Marengo,6.111,8000010000000
8000010000000,Set 2 Toallas Egyptia 460 grs Amarillo,6.111,8000010000000
8000010000000,Set 2 Toallas Egyptia 460 grs Rosado,6.111,8000010000000
8000010000000,Set 2 Toallas Egyptia 460 grs Gris,6.111,8000010000000
8000010000000,Set 2 Toallas Elite 450 grs Blanco,6.111,8000010000000
8000010000000,Set 2 Toallas Elite 450 grs Calipso,6.111,8000010000000
8000010000000,Set 2 Toallas Elite 450 grs Celeste,6.111,8000010000000
8000010000000,Set 2 Toallas Elite 450 grs Crudo,6.111,8000010000000
8000010000000,Set 2 Toallas Elite 450 grs Lila,6.111,8000010000000
8000010000000,Set 2 Toallas Elite 450 grs Taupe,6.111,8000010000000
800001000000,Set Cortinas 11 Piezas Tubo Diana Denim,11.092,800001000000
800001000000,Set Cortinas 11 Piezas Tubo Kate Denim,11.092,800001000000
800001000000,Set Cortinas 11 Piezas Tubo Leticia Denim,11.092,800001000000
800001000000,Set Cortinas 8 Piezas Argolla Leticia Mostaza,11.092,800001000000
800001000000,Set Cortinas Velo Lino Argolla Beige,5.092,800001000000
800001000000,Set Cortinas Velo Lino Presilla Beige,4.101,800001000000
800001000000,Set Cortinas Velo Lino Presilla Blanca,4.101,800001000000
800001000000,Sábana 1.5 Plazas 144 Hilos Azul,6.714,800001000000
8000010000000,Sábana 1.5 Plazas 144 Hilos Bordada Line Azul,8.487,8000010000000
8000010000000,Sábana 1.5 Plazas 144 Hilos Bordada Line Beige,8.487,8000010000000
8000010000000,Sábana 1.5 Plazas 144 Hilos Bordada Line Gris,8.487,8000010000000
8000010000000,Sábana 1.5 Plazas 144 Hilos Bordada Line Rosado,8.487,8000010000000
8000010000000,Sábana 1.5 Plazas 144 Hilos Colores Lisos Verde,6.496,8000010000000
8000010000000,Sábana 1.5 Plazas 144 Hilos Estampada Bari,7.714,8000010000000
8000010000000,Sábana 1.5 Plazas 144 Hilos Estampada Catania,7.714,8000010000000
8000010000000,Sábana 1.5 Plazas 144 Hilos Estampada Ferrara,7.714,8000010000000
8000010000000,Sábana 1.5 Plazas 144 Hilos Estampada Parma,7.714,8000010000000
8000010000000,Sábana 1.5 Plazas 144 Hilos Estampada Trento,7.714,8000010000000
8000010000000,Sábana 1.5 Plazas 144 Hilos Estampado Azafran,6.714,8000010000000
8000010000000,Sábana 1.5 Plazas 144 Hilos Estampado Curcuma,6.714,8000010000000
8000010000000,Sábana 1.5 Plazas 144 Hilos Estampado Ginger,6.714,8000010000000
8000010000000,Sábana 1.5 Plazas 144 Hilos Estampado Paprika,6.714,8000010000000
8000010000000,Sábana 1.5 Plazas 144 Hilos Gris,6.714,8000010000000
8000010000000,Sábana 1.5 Plazas 180 Hilos Crudo,7.555,8000010000000
8000010000000,Sábana 1.5 Plazas 180 Hilos Estampado Daisy,7.555,8000010000000
8000010000000,Sábana 1.5 Plazas 180 Hilos Estampado Lily,7.555,8000010000000
8000010000000,Sábana 1.5 Plazas 180 Hilos Gris,7.555,8000010000000
800001000000,Sábana 1.5 Plazas Broderie Bricks Crudo,6.588,800001000000
8000010000000,Sábana 1.5 Plazas Broderie Bricks Rosado,8.395,8000010000000
8000010000000,Sábana 1.5 Plazas Broderie Bricks Verde,8.395,8000010000000
8000010000000,Sábana 1.5 Plazas Microfibra Luna Roller Time,9.269,8000010000000
8000010000000,Sábana 2 Plazas 144 Hilos Azul,10.924,8000010000000
8000010000000,Sábana 2 Plazas 144 Hilos Bordada Line Azul,10.924,8000010000000
8000010000000,Sábana 2 Plazas 144 Hilos Bordada Line Gris,10.924,8000010000000
8000010000000,Sábana 2 Plazas 144 Hilos Bordada Line Rosado,10.924,8000010000000
8000010000000,Sábana 2 Plazas 144 Hilos Bordada Line Terracota,10.924,8000010000000
8000010000000,Sábana 2 Plazas 144 Hilos Bordada Line Verde,10.924,8000010000000
8000010000000,Sábana 2 Plazas 144 Hilos Colores Lisos Mostaza,10.924,8000010000000
8000010000000,Sábana 2 Plazas 144 Hilos Estampada Bari,10.924,8000010000000
8000010000000,Sábana 2 Plazas 144 Hilos Estampada Catania,10.924,8000010000000
8000010000000,Sábana 2 Plazas 144 Hilos Estampada Ferrara,10.924,8000010000000
8000010000000,Sábana 2 Plazas 144 Hilos Estampada Parma,10.924,8000010000000
8000010000000,Sábana 2 Plazas 144 Hilos Estampada Trento,10.924,8000010000000
8000010000000,Sábana 2 Plazas 144 Hilos Estampado Azafrán,10.924,8000010000000
8000010000000,Sábana 2 Plazas 144 Hilos Estampado Curcuma,10.924,8000010000000
8000010000000,Sábana 2 Plazas 144 Hilos Estampado Ginger,10.924,8000010000000
8000010000000,Sábana 2 Plazas 144 Hilos Estampado Paprika,10.924,8000010000000
8000010000000,Sábana 2 Plazas 144 Hilos Estampado Sidón,10.924,8000010000000
8000010000000,Sábana 2 Plazas 144 Hilos Gris,10.924,8000010000000
8000010000000,Sábana 2 Plazas 180 Hilos Bordada Celeste,12.185,8000010000000
8000010000000,Sábana 2 Plazas 180 Hilos Bordada Coral,12.185,8000010000000
8000010000000,Sábana 2 Plazas 180 Hilos Crudo,12.185,8000010000000
8000010000000,Sábana 2 Plazas 180 Hilos Estampado Daisy,12.185,8000010000000
8000010000000,Sábana 2 Plazas 180 Hilos Estampado Paradise,12.185,8000010000000
8000010000000,Sábana 2 Plazas 180 Hilos Estampado Liliy,12.185,8000010000000
8000010000000,Sábana 2 Plazas 180 Hilos Estampado Tebas,12.185,8000010000000
8000010000000,Sábana 2 Plazas 180 Hilos Gris,12.185,8000010000000
8000010000000,Sábana 2 Plazas Broderie Bricks Rosado Angel,12.185,8000010000000
8000010000000,Sábana 2 Plazas Broderie Bricks Verde,12.185,8000010000000
8000010000000,Sábana King 144 Hilos Azul,13.437,8000010000000
800001000000,Sábana King 144 Hilos Broderie Bricks Amarillo,13.437,800001000000
800001000000,Sábana King 144 Hilos Colores Lisos Verde,13.437,800001000000
8000010000000,Sábana King 144 Hilos Estampada Bari,13.437,8000010000000
8000010000000,Sábana King 144 Hilos Estampada Catania,13.437,8000010000000
8000010000000,Sábana King 144 Hilos Estampada Ferrara,13.437,8000010000000
8000010000000,Sábana King 144 Hilos Estampada Ravena,13.437,8000010000000
8000010000000,Sábana King 144 Hilos Estampada Trento,13.437,8000010000000
8000010000000,Sábana King 144 Hilos Estampado Azafrán,10.076,8000010000000
8000010000000,Sábana King 144 Hilos Estampado Curcuma,10.076,8000010000000
8000010000000,Sábana King 144 Hilos Estampado Ginger,10.076,8000010000000
8000010000000,Sábana King 144 Hilos Estampado Paprika,10.076,8000010000000
8000010000000,Sábana King 144 Hilos Estampado Sidón,10.076,8000010000000
8000010000000,Sábana King 144 Hilos Gris,7.005,8000010000000
8000010000000,Sábana King 180 Hilos Crudo,8.067,8000010000000
8000010000000,Sábana King 180 Hilos Estampado Daisy,13.437,8000010000000
8000010000000,Sábana King 180 Hilos Estampado Lily,13.437,8000010000000
8000010000000,Sábana King 180 Hilos Gris,13.437,8000010000000
8000010000000,Sábana King Plazas 144 Hilos Bordada Line Azul,12.353,8000010000000
8000010000000,Sábana King Plazas 144 Hilos Bordada Line Beige,12.353,8000010000000
8000010000000,Sábana King Plazas 144 Hilos Bordada Line Gris,12.353,8000010000000
8000010000000,Sábana King Plazas 144 Hilos Bordada Line Rosado,12.353,8000010000000
8000010000000,Sábana King Plazas 144 Hilos Bordada Line Terracota,12.353,8000010000000
8000010000000,Sábana King Plazas 144 Hilos Bordada Line Verde,12.353,8000010000000
800001000000,Sábana King Plazas Broderie Bricks Celeste spa,9.756,800001000000
8000010000000,Sábana King Plazas Broderie Bricks Rosado Angel,11.756,8000010000000
8000010000000,Sábana King Plazas Broderie Bricks Verde,11.756,8000010000000
8000010000000,Sábana Polar Estampada 1.5 Plazas Boston,6.933,8000010000000
8000010000000,Sábana Polar Estampada 1.5 Plazas Orleans,6.933,8000010000000
8000010000000,Sábana Polar Estampada 1.5 Plazas Tulsa,6.933,8000010000000
8000010000000,Sábana Polar Estampada 1.5 Plazas Wishita,6.933,8000010000000
8000010000000,Sábana Polar Estampada 2 Plazas Boston,8.319,8000010000000
8000010000000,Sábana Polar Estampada 2 Plazas Orleans,8.319,8000010000000
8000010000000,Sábana Polar Estampada 2 Plazas Tulsa,8.319,8000010000000
8000010000000,Sábana Polar Estampada 2 Plazas Wishita,8.319,8000010000000
8000010000000,Sábana Polar Estampada King Boston,9.244,8000010000000
8000010000000,Sábana Polar Estampada King Wishita,9.244,8000010000000
8000010000000,Sábana Super King 144 Hilos Colores Lisos Verde,14.941,8000010000000
800001000000,Toalla Playa 70x140 Perezoso,2.429,800001000000
2082000000000,Baúl Infantil Ludo,28.245,2082000000000
8000000000000,Closet 2 Puertas Corredera,124.500,8000000000000
8000000000000,Closet 2 Puertas Corredera,124.500,8000000000000
1657660000000,Closet 3 Puertas 2 Cajones,90.381,1657660000000
2082000000000,Closet 3 Puertas 2 Cajones,74.286,2082000000000
8304490000000,Closet 4 Puertas 2 Cajones,104.667,8304490000000
2082000000000,Cómoda 4 Cajones,46.500,2082000000000
8000000000000,Cómoda 5 Cajones,51.500,8000000000000
2082000000000,Cómoda 6 Cajones,69.900,2082000000000
2082000000000,Cómoda Misuri 3 Cajones,35.900,2082000000000
2082000000000,Cómoda Misuri 3 Cajones,35.900,2082000000000
2082000000000,Cómoda Misuri 6 Cajones,66.900,2082000000000
2082000000000,Cómoda Misuri 6 Cajones,66.900,2082000000000
2082000000000,Escritorio 2 Cajones c/ Llave,41.900,2082000000000
2082000000000,Escritorio 2 Cajones c/ Llave,41.900,2082000000000
2189940000000,Escritorio Bilbao Carvalo,48.500,2189940000000
2082000000000,Escritorio Básico,26.571,2082000000000
2082000000000,Escritorio Granada,49.500,2082000000000
2082000000000,Escritorio Misuri,33.238,2082000000000
2082000000000,Escritorio PC Urbano,53.900,2082000000000
2082000000000,Escritorio Toledo,44.900,2082000000000
2082000000000,Estante 5 Niveles,36.900,2082000000000
2082000000000,Estante 5 Niveles,36.900,2082000000000
2082000000000,Estante 5 Niveles,36.900,2082000000000
2082000000000,Estante 5 Niveles con Puertas,42.900,2082000000000
2082000000000,Estante 5 Niveles con Puertas,42.900,2082000000000
2082000000000,Estante 5 Niveles con Puertas,42.900,2082000000000
2082000000000,Estante Bremen Simple,25.600,2082000000000
2082000000000,Estante Modular Bremen,53.238,2082000000000
2082000000000,Gabinete Base 40,23.900,2082000000000
2082000000000,Gabinete Base Cajonera Acacia,33.900,2082000000000
2082000000000,Gabinete Base Despensa,58.900,2082000000000
2082000000000,Gabinete Base Lavaplatos 100,31.100,2082000000000
6715180000000,Gabinete Base Lavaplatos 100,34.900,6715180000000
9095540000000,Gabinete Base Lavaplatos 100,33.900,9095540000000
3579490000000,Gabinete Base Lavaplatos 120,37.900,3579490000000
3579490000000,Gabinete Base Lavaplatos 120,40.500,3579490000000
7442600000000,Gabinete Base Lavaplatos 120,46.500,7442600000000
2082000000000,Gabinete Base Lavaplatos 80,27.900,2082000000000
2398120000000,Gabinete Base Lavaplatos 80,29.900,2398120000000
2398120000000,Gabinete Base Lavaplatos 80,31.900,2398120000000
3196990000000,Gabinete Compacto 110,75.143,3196990000000
3196990000000,Gabinete Compacto 110,81.810,3196990000000
6539340000000,Gabinete Compacto 120,82.762,6539340000000
9493670000000,Gabinete Compacto 90,61.810,9493670000000
9493670000000,Gabinete Compacto 90,71.333,9493670000000
2082000000000,Gabinete Compacto Aconcagua,150.381,2082000000000
9195250000000,Gabinete Compacto Lonquimay 120,133.333,9195250000000
2082000000000,Gabinete Despensero Maxi,51.990,2082000000000
2082000000000,Gabinete Despensero Maxi,57.800,2082000000000
2485090000000,Gabinete Mural 40,17.200,2485090000000
2082000000000,Gabinete Mural 80,28.900,2082000000000
2082000000000,Gabinete Mural Campana,14.900,2082000000000
2082000000000,Gabinete Mural Microondas,16.500,2082000000000
2082000000000,Gabinete Mural Vidriado 40,22.100,2082000000000
2082000000000,Gabinete Mural Vidriado 80,37.900,2082000000000
2082000000000,Librero Domino,36.500,2082000000000
2082000000000,Librero Domino,36.500,2082000000000
2082000000000,Librero Puzzle,46.900,2082000000000
3123030000000,Organizador Infantil,57.225,3123030000000
2082000000000,Rack Bar Kazan,49.245,2082000000000
2082000000000,Rack TV Nantes,32.445,2082000000000
2082000000000,Rack TV Navarra,51.345,2082000000000
2082000000000,Rack TV Praga,41.900,2082000000000
2082000000000,Velador Misuri,17.900,2082000000000
2082000000000,Velador Misuri 2 Cajones,25.900,2082000000000
2082000000000,Velador Misuri 2 Cajones,25.900,2082000000000
8000010000000,Buffet Línea Vintage,88.308,8000010000000
3363010000000,Cajonera Bolonia 1 Cajón 2 Kardex,25.000,3363010000000
9130030000000,Cajonera Bolonia 1 Cajón 2 Kardex,25.000,9130030000000
9886910000000,Cajonera Bolonia 1 Cajón 2 Kardex,25.000,9886910000000
7834100000000,Cajonera Bolonia 1 Cajón 2 Kardex,25.000,7834100000000
4049380000000,Cajonera Bolonia 1 Cajón 2 Kardex,25.000,4049380000000
1647770000000,Cajonera Bolonia 3 Cajones 1 Kardex,25.000,1647770000000
4772060000000,Cajonera Bolonia 3 Cajones 1 Kardex,25.000,4772060000000
9007190000000,Cajonera Bolonia 3 Cajones 1 Kardex,25.000,9007190000000
8492920000000,Cajonera Bolonia 3 Cajones 1 Kardex,25.000,8492920000000
5036440000000,Cajonera Bolonia 3 Cajones 1 Kardex,25.000,5036440000000
3758220000000,Cajonera Bolonia 3 Cajones 1 Kardex,25.000,3758220000000
8000010000000,Cajonera Erika,57.953,8000010000000
8000010000000,Cajonera Erika,57.953,8000010000000
8000010000000,Cajonera Línea Vintage,46.707,8000010000000
7757750000000,Cajonera Retorno Móvil,45.000,7757750000000
3616290000000,Cajonera Retorno Móvil,45.000,3616290000000
7649230000000,Cajonera Retorno Móvil,45.000,7649230000000
5840950000000,Cajonera Retorno Móvil,45.000,5840950000000
2324030000000,Cajonera Retorno Móvil,45.000,2324030000000
7979000000000,Cajonera Retorno Móvil,45.000,7979000000000
8000010000000,Cama Metal 1 Plaza,15.000,8000010000000
8000010000000,Closet 120x50x180 2 Puertas 2 Cajones Cerezo,130.000,8000010000000
8000010000000,Closet 120x50x180 2 Puertas 2 Cajones Jerez,130.000,8000010000000
8000010000000,Closet 60x50x180 1 Puerta Jerez,64.000,8000010000000
8000010000000,Closet 80x50x180 2 Puertas 2 Cajones Jerez,100.000,8000010000000
8000010000000,Comedor Vintage,123.308,8000010000000
80000000000000,Disco de Asado 45cm,13.900,80000000000000
8000010000000,Disco de Asado 55cm,16.900,8000010000000
8000010000000,Escala Tijera 2 Peldaños,18.178,8000010000000
8000010000000,Escala Tijera 3 Peldaños,21.611,8000010000000
8000010000000,Escala Tijera 4 Peldaños,24.220,8000010000000
8000010000000,Escala Tijera 5 Peldaños,29.583,8000010000000
8000010000000,Escala Tijera 6 Peldaños,31.990,8000010000000
211212000000,Escritorio 150cm Medio Punto,50.000,211212000000
8000010000000,Escritorio Arrimo,53.000,8000010000000
8000010000000,Escritorio Base Corchete 150,173.458,8000010000000
6808280000000,Escritorio Ferrara Tipo L 120cm,35.000,6808280000000
6808280000000,Escritorio Ferrara Tipo L 120cm,35.000,6808280000000
6808280000000,Escritorio Ferrara Tipo L 120cm,35.000,6808280000000
6808280000000,Escritorio Ferrara Tipo L 120cm,35.000,6808280000000
6808280000000,Escritorio Ferrara Tipo L 120cm,35.000,6808280000000
6808280000000,Escritorio Ferrara Tipo L 120cm,35.000,6808280000000
6808280000000,Escritorio Ferrara Tipo L 120cm,35.000,6808280000000
6808280000000,Escritorio Ferrara Tipo L 120cm,35.000,6808280000000
9239500000000,Escritorio Ferrara Tipo L 150 cm,45.000,9239500000000
9239500000000,Escritorio Ferrara Tipo L 150 cm,45.000,9239500000000
9239500000000,Escritorio Ferrara Tipo L 150 cm,45.000,9239500000000
9239500000000,Escritorio Ferrara Tipo L 150 cm,45.000,9239500000000
9239500000000,Escritorio Ferrara Tipo L 150 cm,45.000,9239500000000
9239500000000,Escritorio Ferrara Tipo L 150 cm,45.000,9239500000000
9239500000000,Escritorio Ferrara Tipo L 150 cm,45.000,9239500000000
9239500000000,Escritorio Ferrara Tipo L 150 cm,45.000,9239500000000
5579950000000,Escritorio Ferrara Tipo L 180cm,50.000,5579950000000
5579950000000,Escritorio Ferrara Tipo L 180cm,50.000,5579950000000
5579950000000,Escritorio Ferrara Tipo L 180cm,50.000,5579950000000
5579950000000,Escritorio Ferrara Tipo L 180cm,50.000,5579950000000
5579950000000,Escritorio Ferrara Tipo L 180cm,50.000,5579950000000
5579950000000,Escritorio Ferrara Tipo L 180cm,50.000,5579950000000
5579950000000,Escritorio Ferrara Tipo L 180cm,50.000,5579950000000
5579950000000,Escritorio Ferrara Tipo L 180cm,50.000,5579950000000
1067120000000,Escritorio Froli 170cm,40.000,1067120000000
9537680000000,Escritorio Kit Imola,50.000,9537680000000
4127800000000,Escritorio Kit Imola,50.000,4127800000000
7615400000000,Escritorio Kit Imola,50.000,7615400000000
3397120000000,Escritorio Kit Imola,50.000,3397120000000
8614390000000,Escritorio Kit Imola,50.000,8614390000000
6576620000000,Escritorio Kit Imola,50.000,6576620000000
5654060000000,Escritorio Linea SI 120cm,35.000,5654060000000
6680900000000,Escritorio Linea SI 120cm,35.000,6680900000000
2130470000000,Escritorio Linea SI 120cm,35.000,2130470000000
6194820000000,Escritorio Linea SI 150cm,40.000,6194820000000
8238200000000,Escritorio Linea SI 150cm,40.000,8238200000000
8278360000000,Escritorio Linea SI 180cm,45.000,8278360000000
6677940000000,Escritorio Linea SI 180cm,45.000,6677940000000
9326480000000,Escritorio Linea SI 180cm,45.000,9326480000000
6276450000000,Escritorio Linea SI 90cm,30.000,6276450000000
6313490000000,Escritorio Linea SI 90cm,30.000,6313490000000
8924770000000,Escritorio Linea SI 90cm,30.000,8924770000000
5526650000000,Escritorio Ontranto 180cm,50.000,5526650000000
9490980000000,Escritorio Thor con Llave,59.000,9490980000000
8000010000000,Escritorio Tobi Jerez,60.000,8000010000000
8000010000000,Escritorio Torre,58.000,8000010000000
8000010000000,Escritorio Torre,58.000,8000010000000
8000010000000,Escritorio Venus,45.000,8000010000000
8000010000000,Escritorio Vintage,47.128,8000010000000
8000010000000,Escritorio Worki,35.824,8000010000000
8000010000000,Escritorio Worki,35.824,8000010000000
8000010000000,Estación de Trabajo 120,35.126,8000010000000
8000010000000,Estación de Trabajo 120,35.126,8000010000000
8000010000000,Estación de Trabajo 150 Jerez,65.000,8000010000000
8000010000000,Estación de Trabajo 150 Jerez,65.000,8000010000000
8000010000000,Estación de Trabajo 150 Provenzal,60.500,8000010000000
8000010000000,Estación de Trabajo 150 Provenzal,60.500,8000010000000
8000010000000,Estante 4 Repisas Vintage Jerez,81.896,8000010000000
8000010000000,Estante 5 Niveles Con Puertas y Cerradura,53.000,8000010000000
8000010000000,Estante 5 Repisas,53.000,8000010000000
8000010000000,Estante 50 Vintage Jerez,104.405,8000010000000
9486280000000,Estante Terminal 165,20.000,9486280000000
9486280000000,Estante Terminal 165,20.000,9486280000000
1220230000000,Estante Terminal 75,20.000,1220230000000
2379610000000,Estante Turin,30.000,2379610000000
2379610000000,Estante Turin,30.000,2379610000000
0,Estante Turín Con 2 Puertas,30.000,0
8000010000000,Estante Worki,34.385,8000010000000
8000010000000,Estante Worki,34.385,8000010000000
8000010000000,Funda Mesa Ping Pong Frontón,17.854,8000010000000
8000010000000,Funda Mesa Ping Pong Profesional / Junior,15.820,8000010000000
8000010000000,Gabinete Base 2 Puertas,83.000,8000010000000
8000010000000,Gabinete Base 2 Puertas,63.000,8000010000000
8000010000000,Kit de Bisagras Mesa Ping Pong,13.549,8000010000000
8000010000000,Kit Lavaplatos 100,66.000,8000010000000
8000010000000,Kit Lavaplatos 100,66.000,8000010000000
8000010000000,Kit Lavaplatos 120,94.000,8000010000000
8000010000000,Kit Lavaplatos 120,94.000,8000010000000
8000010000000,Kit Lavaplatos 80,60.000,8000010000000
8000010000000,Kit Lavaplatos 80,60.000,8000010000000
8000010000000,Mesa Arrimo Línea Vintage,59.000,8000010000000
8000010000000,Mesa Auxiliar Plegable,13.839,8000010000000
8000010000000,Mesa Auxiliar Plegable,13.839,8000010000000
8000010000000,Mesa Auxiliar Plegable,13.839,8000010000000
8000010000000,Mesa Casino Armable 120,51.782,8000010000000
8000010000000,Mesa Casino Armable 150,65.926,8000010000000
8000010000000,Mesa Casino Armable 180,68.852,8000010000000
8000010000000,Mesa Casino Armable 76,44.203,8000010000000
8000010000000,Mesa de Ping Pong Frontón Plus,132.267,8000010000000
8000010000000,Mesa de Ping Pong Junior,143.043,8000010000000
8000010000000,Mesa de Ping Pong Match,80.000,8000010000000
8000010000000,Mesa de Ping Pong Optima,151.970,8000010000000
8000010000000,Mesa de Ping Pong Profesional,148.476,8000010000000
8000010000000,Mesa Nido,10.000,8000010000000
8000010000000,Mesa Plegable 83 Cuadrada,30.668,8000010000000
8000010000000,Mesa Plegable 83 Cuadrada,30.668,8000010000000
8000010000000,Mesa Plegable 83 Cuadrada,30.668,8000010000000
8000010000000,Mesa Plegable Cama Multimesa,27.000,8000010000000
8000010000000,Mesa Plegable Cama Multimesa,27.000,8000010000000
8000010000000,Mesa Plegable Cama Multimesa,27.000,8000010000000
8000010000000,Mesa Plegable Eventos 150,59.000,8000010000000
8000010000000,Mesa Plegable Redonda,30.620,8000010000000
80000000000000,Mesa Plegable Tetrix 90cm,25.000,80000000000000
9774030000000,Mesa Reunion,45.000,9774030000000
8000010000000,Mesa Reunión 110,81.000,8000010000000
800000000000000,Parrilla 1/2 Tambor XL,44.530,800000000000000
800000000000000,Parrilla Fogata Paseo,20.300,800000000000000
800000000000000,Parrilla Fogón Extra,37.307,800000000000000
8000010000000,Piso Escala Titán,23.966,8000010000000
8000010000000,Piso Escala Titán,23.966,8000010000000
8000010000000,Piso Escala Titán,23.966,8000010000000
8000010000000,Piso Escala Titán,23.966,8000010000000
8000010000000,Piso Titán,10.667,8000010000000
8000010000000,Rack TV Línea Vintage,79.137,8000010000000
8000010000000,Red c/ Soportes Repuesto Mesa Ping Pong,7.845,8000010000000
8000010000000,Repisa Bicicletero,8.533,8000010000000
8000010000000,Repisa Blanca C/Soporte Azul,6.271,8000010000000
8000010000000,Set de Ruedas Ping Pong Junior / Frontón,7.466,8000010000000
8000010000000,Set de Ruedas Ping Pong Profesional,7.466,8000010000000
8000010000000,Taburete Back,27.241,8000010000000
8000010000000,Taburete Back,27.241,8000010000000
8000010000000,Taca Taca Junior,115.000,8000010000000
8000010000000,Taca Taca Plywood,201.000,8000010000000
8000010000000,Taca Taca Standard,145.000,8000010000000
1000090000000,Silla De Ruedas Estándar Manual Plegable Con Frenos,42.017,1000090000000
1560710000000,Mesa Plegable 152 Cm Tipo Maletin Blanca,12.605,1560710000000
1655700000000,"Comedor Berna, 4 Sillas.",75.630,1655700000000
2043880000000,"Bicicleta Apolo 21 Cambios, Acero, Aro 26 , Marco Mtb.",84.874,2043880000000
2043880000000,"Bicicleta Apolo 21 Cambios, Acero, Aro 26 , Marco Mtb.",84.874,2043880000000
2043880000000,"Bicicleta Apolo 21 Cambios, Acero, Aro 26 , Marco Mtb.",84.874,2043880000000
2166650000000,Bicicleta Hermes Doble Suspensión Frenos Disco 21 Cambios,121.008,2166650000000
2166650000000,Bicicleta Hermes Doble Suspensión Frenos Disco 21 Cambios,121.008,2166650000000
2166650000000,Bicicleta Hermes Doble Suspensión Frenos Disco 21 Cambios,121.008,2166650000000
2166650000000,Bicicleta Hermes Doble Suspensión Frenos Disco 21 Cambios,121.008,2166650000000
2175480000000,Cuatrimoto Atv Cuatro Ruedas Apv-r 125cc,504.202,2175480000000
2175480000000,Cuatrimoto Atv Cuatro Ruedas Apv-r 125cc,504.202,2175480000000
2175480000000,Cuatrimoto Atv Cuatro Ruedas Apv-r 125cc,504.202,2175480000000
2454880000000,Silla Plegable Fold Negra,5.042,2454880000000
3658160000000,Banca Abdominal,16.807,3658160000000
3796980000000,"Comedor Baden, 4 Sillas",67.227,3796980000000
3968600000000,"Bicicleta Apolo 21 Cambios, Acero, Aro 26 , Marco Mtb.",84.874,3968600000000
4441790000000,Andador Plegable Altura Ajustable,13.445,4441790000000
5682610000000,Bicicleta Mountain Demeter Aro 29 Eurobike Marco Aluminio,117.647,5682610000000
5904730000000,Bicicleta Paseo Mujer Aro 26 Urbana,81.513,5904730000000
7045460000000,"Bicicleta Estática Estacionaria De Ejercicio Volante 4,5kg",50.420,7045460000000
7260800000000,Toldo Plegable 3x3 Antioxidable Impermeable Envío Gratis,20.168,7260800000000
7539740000000,Máquina De Remo Plegable,42.017,7539740000000
7807990000000,Kit Taladro Percutor Bauker 900w 13mm 3000rpm+57 Accesorios,25.210,7807990000000
9162940000000,Bicicleta Mountain Demeter Aro 29 Eurobike Marco Aluminio,117.647,9162940000000
9626610000000,Bicicleta Urbana 3 Cambios Shimano Nexus Talla M Aro 28,126.050,9626610000000
9626610000000,Bicicleta Urbana 3 Cambios Shimano Nexus Talla M Aro 28,126.050,9626610000000
02,Máquina De Remo 8 Niveles Remadora Magnética 8 Velocidades,75.630,02
1100110000000,Piso Ducha,8.000,1100110000000
40736500000000,Gabinete Mural 40,17.200,40736500000000
40736500000000,Gabinete Base 80 Con 2 Puertas,63.000,40736500000000
40925900000000,Kit Lavaplatos 120,94.000,40925900000000
40966900000000,Funda Mesa Ping Pong Agm Profesional / Junior,15.820,40966900000000
40966900000000,Funda Mesa Ping Pong Frontón Marca Agm,17.854,40966900000000
6953440000000,"Silla Plegable Flash, Negro.",9.000,6953440000000
7094460000000,Mesa Restaurante Cuadrada 70 X 70 Cm Cubierta 24 Mm,62.000,7094460000000
8000000000000,Quilt King Plazas Cosido Patchwork Geminis,16.655,8000000000000
800001000000,Sábana 2 Plazas 144 Hilos Marca Mashini,10.924,800001000000
800001000000,Set 2 Toallas Elite 450 Grs Marca Mashini Color Blanco,6.111,800001000000
800001000000,Set 2 Toallas Elite 450 Grs Marca Mashini Color Crudo,6.111,800001000000
800001000000,Set 2 Toallas Elite 450 Grs Marca Mashini,6.111,800001000000
800001000000,Set 2 Toallas Elite 450 Grs Marca Mashini,6.111,800001000000
800001000000,Set 2 Toallas Elite 450 Grs Marca Mashini,6.111,800001000000
800001000000,Sábana 1.5 Plazas 144 Hilos Estampado Marca Mashini,6.588,800001000000
800001000000,Sábana 1.5 Plazas Broderie Bricks Marca Mashini,8.395,800001000000
800001000000,Sábana 1.5 Plazas Broderie Bricks Marca Mashini,8.395,800001000000
800001000000,Sábanas Super King Arredo Algodón Peinado Lisas Color Verde Claro Diseño De La Tela Liso,14.941,800001000000
800001000000,Alfombra Frise Boutique 200x290 Cm Destello,42.941,800001000000
800001000000,Plumón Coral Sherpa 1.5 Plazas,18.403,800001000000
800001000000,Plumón Coral Sherpa 2 Plazas,23.109,800001000000
800001000000,Plumón Coral Sherpa 2 Plazas,23.109,800001000000
800001000000,Quilt King Plazas Microfibra Estampado Loa,7.941,800001000000
8820180000000,Mesa Plegable Redonda 1mt 100cm Blanca,30.620,8820180000000
9456530000000,Bicicleta Paseo Mujer Aro 24 Urbana,81.512,9456530000000
409004,Contenedor De Basura 660 Litros,110.000,409004
5904730000000,Bicicleta Paseo Mujer Aro 26 Urbana,81.512,5904730000000
10000000000000,Juego Kinder 1 Mesa Y 4 Sillas Colores Niños Infantil,50.000,10000000000000
10000000000000,Mesa De Ping Pong Agm Profesional Fabricada En Mdf Color Azul,148.476,10000000000000
3112750000000,Meson De Acero Central 180cm,100.000,3112750000000
568966000000,Pack 5 Ruedas Universal de Escritorio,1.000,568966000000
33221400000000,Bicicleta Artemisa Shimano Nexus Olivo,100000,33221400000000
5604420000000,Silla Portabebés Groovy Aro 29,38900,5604420000000
4457800000000,Banca Abdominal Ajustable,16807,4457800000000
80000100000000,Cajonera Erika Móvil Dakar,57953,80000100000000
9557830000000,Bicicleta Ares Negro Urbana,68000,9557830000000
800010000000,Estación de Trabajo 120 Color Peral Derecho,40435,800010000000
8000010000000,Sábana Sherpa Lisa 1.5 Plazas Terra,8421,8000010000000
9557830000000,Bicicleta Ares Rojo Urbana,68000,9557830000000
2135413541,Mesa Plegable Cama Multimesa Lino,27000,2135413541
800010000000,Piso Apilable Blanco Agm,4340,800010000000
8000010000000,Quilt 2 Plazas Cosido Oliva,14251,8000010000000
8000010000000,Quilt 2 Plazas Cosido MF Lab,11529,8000010000000
8765210000000,Silla Iso polipropileno Visita Negro,19501,8765210000000
800010000000,Piso Tipo Bar Blanco Agm,14653,800010000000
800010000000,Piso Apilable Negro Agm,4340,800010000000
800010000000,Piso Apilable Amarillo Agm,4340,800010000000
6797880000000,Silla Ejecutiva Ecocuero Color Negro,44600,6797880000000
7000000000000,Piso Laboratorio Formalita Blanco,12000,7000000000000
7000000000000,Bastón de Apoyo T Plegable Aluminio Ultra Ligero,1000,7000000000000
800010000000,Gabinete Mural Color Dakar,36809,800010000000
1007010000000,Mesa Auxiliar Plegable Color Jerez Negro,14853,1007010000000
8251550000000,Bicicleta Hefesto Negro Urbana,74000,8251550000000
8000010000000,Quilt 15 Plazas Cosido Oliva,7.227,8000010000000
8000010000000,Sábana Polar Estampada 1.5 Plazas Verde,6933,8000010000000
5604420000000,Casco Niña Hoggy XXS,12900,5604420000000
800010000000,Gabinete Puertas Corredera Peral,102833,800010000000
800010000000,Kardex Atri 3 Cajones Peral,117455,800010000000
800010000000,Cajonera Erika Móvil Peral,55709,800010000000
800010000000,Biblioteca Puertas Corredera Peral,155839,800010000000
8741690000000,Kit Lavaplatos 100cm Derecho Chocolate,62900,8741690000000
8000010000000,Sábana 1.5 Plazas Microfibra Trolls,9269,8000010000000
654989000000,Juego de Kinder  1 Mesa + 4 Sillas,50000,654989000000
8000010000000,Puños Con Fijación Rojo,79769,8000010000000
,Receptáculo Metacrilato 100x70x5cm,70372,
,Receptáculo Metacrilato 130x70x5cm,78651,
,Receptáculo Metacrilato 90x70x5cm,64792,
2082000000000,Escritorio 2 Cajones c/ Llave - Nogal,41900,2082000000000
,Puños Con Fijación Rojo,2350,
2865930000000,Silla ISO Polipropileno - Rojo,19501,2865930000000
1560210000000,Taburete ISO Polipropileno - Rojo,37000,1560210000000
8000010000000,Estación de Trabajo 120 Dakar - Izquierdo,39828,8000010000000
8000010000000,Estación de Trabajo 120cm Peral - Izquierdo,40435,8000010000000
800010000000,Banqueta ISO Polipropileno Pata Luna - 2 / Negro,66754,800010000000
800010000000,Banqueta ISO Polipropileno Pata Luna - 3 / Negro,89370,800010000000
800010000000,Estación de Trabajo 120cm Peral - Izquierdo,40435,800010000000
8000010000000,Estación de Trabajo 120 Dakar - Derecho,39828,8000010000000
,Sábana Sherpa Lisa 2 Plazas Terra,10000,
,Sábana Sherpa Lisa 2 Plazas Verde,10000,
8251550000000,Bicicleta Hefesto Urbana Rojo,74000,8251550000000
9991160000000,Bicicleta Hestia 21 Cambios Aluminio Negro,,9991160000000
,Gabinete 180x80x45 Peral,50.000,
2082010000000,Organizador Infantil 6 Espacios Carvalo,57.225,2082010000000
8000010000000,Silla Casino Adulto Zincada,18.000,8000010000000
,Campana Decorativa 60 cm,84.189,
,Escritorio Venecia 120cm Nogal,,
800010000000,Piso Apilable Gris,4340,800010000000
